document_id,driver_id,document_type,version,issue_date,expiration_date,status,source_file_url,verified_at,verified_by
DOC0001,D001,CDL,1,2024-10-01,2027-03-20,verified,https://files.example.com/documinder/D001/cdl-v1.pdf,2026-09-02T09:30:00-07:00,compliance.reviewer@example.com
DOC0002,D001,MEDICAL_CERT,1,2024-10-01,2028-04-30,verified,https://files.example.com/documinder/D001/medical_cert-v1.pdf,2026-09-02T09:30:00-07:00,compliance.reviewer@example.com
DOC0003,D001,TWIC,1,2024-10-01,2030-01-31,verified,https://files.example.com/documinder/D001/twic-v1.pdf,2026-09-02T09:30:00-07:00,compliance.reviewer@example.com
DOC0004,D001,HAZMAT_ENDORSEMENT,1,2024-10-01,,verified,https://files.example.com/documinder/D001/hazmat_endorsement-v1.pdf,2026-09-02T09:30:00-07:00,compliance.reviewer@example.com
DOC0005,D001,TANKER_ENDORSEMENT,1,2024-10-01,,verified,https://files.example.com/documinder/D001/tanker_endorsement-v1.pdf,2026-09-02T09:30:00-07:00,compliance.reviewer@example.com
DOC0006,D001,SAFETY_TRAINING,1,2024-10-01,2027-08-31,verified,https://files.example.com/documinder/D001/safety_training-v1.pdf,2026-09-02T09:30:00-07:00,compliance.reviewer@example.com
DOC0007,D002,CDL,1,2024-10-01,2029-06-30,verified,https://files.example.com/documinder/D002/cdl-v1.pdf,2026-09-02T09:30:00-07:00,compliance.reviewer@example.com
DOC0008,D002,MEDICAL_CERT,2,2024-10-01,2027-01-13,verified,https://files.example.com/documinder/D002/medical_cert-v2.pdf,2026-09-02T09:30:00-07:00,compliance.reviewer@example.com
DOC0009,D002,TWIC,1,2024-10-01,2030-01-31,verified,https://files.example.com/documinder/D002/twic-v1.pdf,2026-09-02T09:30:00-07:00,compliance.reviewer@example.com
DOC0010,D002,HAZMAT_ENDORSEMENT,1,2024-10-01,,verified,https://files.example.com/documinder/D002/hazmat_endorsement-v1.pdf,2026-09-02T09:30:00-07:00,compliance.reviewer@example.com
DOC0011,D002,TANKER_ENDORSEMENT,1,2024-10-01,,verified,https://files.example.com/documinder/D002/tanker_endorsement-v1.pdf,2026-09-02T09:30:00-07:00,compliance.reviewer@example.com
DOC0012,D002,SAFETY_TRAINING,1,2024-10-01,2027-08-31,verified,https://files.example.com/documinder/D002/safety_training-v1.pdf,2026-09-02T09:30:00-07:00,compliance.reviewer@example.com
DOC0013,D003,CDL,1,2024-10-01,2029-06-30,verified,https://files.example.com/documinder/D003/cdl-v1.pdf,2026-09-02T09:30:00-07:00,compliance.reviewer@example.com
DOC0014,D003,MEDICAL_CERT,1,2024-10-01,2028-04-30,verified,https://files.example.com/documinder/D003/medical_cert-v1.pdf,2026-09-02T09:30:00-07:00,compliance.reviewer@example.com
DOC0015,D003,TWIC,1,2024-10-01,2026-12-14,verified,https://files.example.com/documinder/D003/twic-v1.pdf,2026-09-02T09:30:00-07:00,compliance.reviewer@example.com
DOC0016,D003,DOUBLES_TRIPLES_ENDORSEMENT,1,2024-10-01,,verified,https://files.example.com/documinder/D003/doubles_triples_endorsement-v1.pdf,2026-09-02T09:30:00-07:00,compliance.reviewer@example.com
DOC0017,D003,SAFETY_TRAINING,1,2024-10-01,2027-08-31,verified,https://files.example.com/documinder/D003/safety_training-v1.pdf,2026-09-02T09:30:00-07:00,compliance.reviewer@example.com
DOC0018,D004,CDL,1,2024-10-01,2029-06-30,verified,https://files.example.com/documinder/D004/cdl-v1.pdf,2026-09-02T09:30:00-07:00,compliance.reviewer@example.com
DOC0019,D004,MEDICAL_CERT,1,2024-10-01,2028-04-30,verified,https://files.example.com/documinder/D004/medical_cert-v1.pdf,2026-09-02T09:30:00-07:00,compliance.reviewer@example.com
DOC0020,D004,TWIC,1,2024-10-01,2030-01-31,verified,https://files.example.com/documinder/D004/twic-v1.pdf,2026-09-02T09:30:00-07:00,compliance.reviewer@example.com
DOC0021,D004,HAZMAT_ENDORSEMENT,1,2024-10-01,2026-11-14,verified,https://files.example.com/documinder/D004/hazmat_endorsement-v1.pdf,2026-09-02T09:30:00-07:00,compliance.reviewer@example.com
DOC0022,D004,TANKER_ENDORSEMENT,1,2024-10-01,,verified,https://files.example.com/documinder/D004/tanker_endorsement-v1.pdf,2026-09-02T09:30:00-07:00,compliance.reviewer@example.com
DOC0023,D004,SAFETY_TRAINING,1,2024-10-01,2027-08-31,verified,https://files.example.com/documinder/D004/safety_training-v1.pdf,2026-09-02T09:30:00-07:00,compliance.reviewer@example.com
DOC0024,D005,CDL,1,2024-10-01,2029-06-30,verified,https://files.example.com/documinder/D005/cdl-v1.pdf,2026-09-02T09:30:00-07:00,compliance.reviewer@example.com
DOC0025,D005,MEDICAL_CERT,1,2024-10-01,2026-10-29,verified,https://files.example.com/documinder/D005/medical_cert-v1.pdf,2026-09-02T09:30:00-07:00,compliance.reviewer@example.com
DOC0026,D005,SAFETY_TRAINING,1,2024-10-01,2027-08-31,verified,https://files.example.com/documinder/D005/safety_training-v1.pdf,2026-09-02T09:30:00-07:00,compliance.reviewer@example.com
DOC0027,D006,CDL,1,2024-10-01,2029-06-30,verified,https://files.example.com/documinder/D006/cdl-v1.pdf,2026-09-02T09:30:00-07:00,compliance.reviewer@example.com
DOC0028,D006,MEDICAL_CERT,1,2024-10-01,2028-04-30,verified,https://files.example.com/documinder/D006/medical_cert-v1.pdf,2026-09-02T09:30:00-07:00,compliance.reviewer@example.com
DOC0029,D006,TWIC,1,2024-10-01,2026-10-22,verified,https://files.example.com/documinder/D006/twic-v1.pdf,2026-09-02T09:30:00-07:00,compliance.reviewer@example.com
DOC0030,D006,HAZMAT_ENDORSEMENT,1,2024-10-01,,verified,https://files.example.com/documinder/D006/hazmat_endorsement-v1.pdf,2026-09-02T09:30:00-07:00,compliance.reviewer@example.com
DOC0031,D006,TANKER_ENDORSEMENT,1,2024-10-01,,verified,https://files.example.com/documinder/D006/tanker_endorsement-v1.pdf,2026-09-02T09:30:00-07:00,compliance.reviewer@example.com
DOC0032,D006,SAFETY_TRAINING,1,2024-10-01,2027-08-31,verified,https://files.example.com/documinder/D006/safety_training-v1.pdf,2026-09-02T09:30:00-07:00,compliance.reviewer@example.com
DOC0033,D007,CDL,1,2024-10-01,2026-10-15,verified,https://files.example.com/documinder/D007/cdl-v1.pdf,2026-09-02T09:30:00-07:00,compliance.reviewer@example.com
DOC0034,D007,MEDICAL_CERT,1,2024-10-01,2028-04-30,verified,https://files.example.com/documinder/D007/medical_cert-v1.pdf,2026-09-02T09:30:00-07:00,compliance.reviewer@example.com
DOC0035,D007,TWIC,1,2024-10-01,2030-01-31,verified,https://files.example.com/documinder/D007/twic-v1.pdf,2026-09-02T09:30:00-07:00,compliance.reviewer@example.com
DOC0036,D007,HAZMAT_ENDORSEMENT,1,2024-10-01,,verified,https://files.example.com/documinder/D007/hazmat_endorsement-v1.pdf,2026-09-02T09:30:00-07:00,compliance.reviewer@example.com
DOC0037,D007,TANKER_ENDORSEMENT,1,2024-10-01,,verified,https://files.example.com/documinder/D007/tanker_endorsement-v1.pdf,2026-09-02T09:30:00-07:00,compliance.reviewer@example.com
DOC0038,D007,SAFETY_TRAINING,1,2024-10-01,2027-08-31,verified,https://files.example.com/documinder/D007/safety_training-v1.pdf,2026-09-02T09:30:00-07:00,compliance.reviewer@example.com
DOC0039,D008,CDL,1,2024-10-01,2029-06-30,verified,https://files.example.com/documinder/D008/cdl-v1.pdf,2026-09-02T09:30:00-07:00,compliance.reviewer@example.com
DOC0040,D008,MEDICAL_CERT,1,2024-10-01,2026-10-10,verified,https://files.example.com/documinder/D008/medical_cert-v1.pdf,2026-09-02T09:30:00-07:00,compliance.reviewer@example.com
DOC0041,D008,TWIC,1,2024-10-01,2030-01-31,verified,https://files.example.com/documinder/D008/twic-v1.pdf,2026-09-02T09:30:00-07:00,compliance.reviewer@example.com
DOC0042,D008,HAZMAT_ENDORSEMENT,1,2024-10-01,,verified,https://files.example.com/documinder/D008/hazmat_endorsement-v1.pdf,2026-09-02T09:30:00-07:00,compliance.reviewer@example.com
DOC0043,D008,TANKER_ENDORSEMENT,1,2024-10-01,,verified,https://files.example.com/documinder/D008/tanker_endorsement-v1.pdf,2026-09-02T09:30:00-07:00,compliance.reviewer@example.com
DOC0044,D008,SAFETY_TRAINING,1,2024-10-01,2027-08-31,verified,https://files.example.com/documinder/D008/safety_training-v1.pdf,2026-09-02T09:30:00-07:00,compliance.reviewer@example.com
DOC0045,D009,CDL,1,2024-10-01,2026-10-15,verified,https://files.example.com/documinder/D009/cdl-v1.pdf,2026-09-02T09:30:00-07:00,compliance.reviewer@example.com
DOC0046,D009,MEDICAL_CERT,1,2024-10-01,2028-04-30,verified,https://files.example.com/documinder/D009/medical_cert-v1.pdf,2026-09-02T09:30:00-07:00,compliance.reviewer@example.com
DOC0047,D009,TWIC,1,2024-10-01,2030-01-31,verified,https://files.example.com/documinder/D009/twic-v1.pdf,2026-09-02T09:30:00-07:00,compliance.reviewer@example.com
DOC0048,D009,HAZMAT_ENDORSEMENT,1,2024-10-01,,verified,https://files.example.com/documinder/D009/hazmat_endorsement-v1.pdf,2026-09-02T09:30:00-07:00,compliance.reviewer@example.com
DOC0049,D009,TANKER_ENDORSEMENT,1,2024-10-01,,verified,https://files.example.com/documinder/D009/tanker_endorsement-v1.pdf,2026-09-02T09:30:00-07:00,compliance.reviewer@example.com
DOC0050,D009,SAFETY_TRAINING,1,2024-10-01,2027-08-31,verified,https://files.example.com/documinder/D009/safety_training-v1.pdf,2026-09-02T09:30:00-07:00,compliance.reviewer@example.com
DOC0051,D010,CDL,1,2024-10-01,2029-06-30,verified,https://files.example.com/documinder/D010/cdl-v1.pdf,2026-09-02T09:30:00-07:00,compliance.reviewer@example.com
DOC0052,D010,MEDICAL_CERT,1,2024-10-01,2028-04-30,verified,https://files.example.com/documinder/D010/medical_cert-v1.pdf,2026-09-02T09:30:00-07:00,compliance.reviewer@example.com
DOC0053,D010,SAFETY_TRAINING,1,2024-10-01,2027-08-31,verified,https://files.example.com/documinder/D010/safety_training-v1.pdf,2026-09-02T09:30:00-07:00,compliance.reviewer@example.com
DOC0054,D011,CDL,1,2024-10-01,2029-06-30,verified,https://files.example.com/documinder/D011/cdl-v1.pdf,2026-09-02T09:30:00-07:00,compliance.reviewer@example.com
DOC0055,D011,MEDICAL_CERT,1,2024-10-01,2028-04-30,verified,https://files.example.com/documinder/D011/medical_cert-v1.pdf,2026-09-02T09:30:00-07:00,compliance.reviewer@example.com
DOC0056,D011,DOUBLES_TRIPLES_ENDORSEMENT,1,2024-10-01,,verified,https://files.example.com/documinder/D011/doubles_triples_endorsement-v1.pdf,2026-09-02T09:30:00-07:00,compliance.reviewer@example.com
DOC0057,D011,SAFETY_TRAINING,1,2024-10-01,2027-08-31,verified,https://files.example.com/documinder/D011/safety_training-v1.pdf,2026-09-02T09:30:00-07:00,compliance.reviewer@example.com
DOC0058,D012,CDL,1,2024-10-01,2029-06-30,verified,https://files.example.com/documinder/D012/cdl-v1.pdf,2026-09-02T09:30:00-07:00,compliance.reviewer@example.com
DOC0059,D012,MEDICAL_CERT,1,2024-10-01,2026-02-30,verified,https://files.example.com/documinder/D012/medical_cert-v1.pdf,2026-09-02T09:30:00-07:00,compliance.reviewer@example.com
DOC0060,D012,SAFETY_TRAINING,1,2024-10-01,2027-08-31,verified,https://files.example.com/documinder/D012/safety_training-v1.pdf,2026-09-02T09:30:00-07:00,compliance.reviewer@example.com
DOC0061,D002,MEDICAL_CERT,1,2022-01-13,2024-01-13,archived,https://files.example.com/documinder/D002/medical_cert-v1.pdf,2022-01-14T10:00:00-08:00,compliance.reviewer@example.com
