driver_id,document_type,expected_state,expected_stage,primary_fixture
D001,CDL,current,,true
D001,MEDICAL_CERT,current,,false
D001,TWIC,current,,false
D001,HAZMAT_ENDORSEMENT,current,,false
D001,TANKER_ENDORSEMENT,current,,false
D001,DOUBLES_TRIPLES_ENDORSEMENT,not_applicable,,false
D001,SAFETY_TRAINING,current,,false
D002,CDL,current,,false
D002,MEDICAL_CERT,approaching_expiry,D90,true
D002,TWIC,current,,false
D002,HAZMAT_ENDORSEMENT,current,,false
D002,TANKER_ENDORSEMENT,current,,false
D002,DOUBLES_TRIPLES_ENDORSEMENT,not_applicable,,false
D002,SAFETY_TRAINING,current,,false
D003,CDL,current,,false
D003,MEDICAL_CERT,current,,false
D003,TWIC,approaching_expiry,D60,true
D003,HAZMAT_ENDORSEMENT,not_applicable,,false
D003,TANKER_ENDORSEMENT,not_applicable,,false
D003,DOUBLES_TRIPLES_ENDORSEMENT,current,,false
D003,SAFETY_TRAINING,current,,false
D004,CDL,current,,false
D004,MEDICAL_CERT,current,,false
D004,TWIC,current,,false
D004,HAZMAT_ENDORSEMENT,urgent,D30,true
D004,TANKER_ENDORSEMENT,current,,false
D004,DOUBLES_TRIPLES_ENDORSEMENT,not_applicable,,false
D004,SAFETY_TRAINING,current,,false
D005,CDL,current,,false
D005,MEDICAL_CERT,urgent,D14,true
D005,TWIC,not_applicable,,false
D005,HAZMAT_ENDORSEMENT,not_applicable,,false
D005,TANKER_ENDORSEMENT,not_applicable,,false
D005,DOUBLES_TRIPLES_ENDORSEMENT,not_applicable,,false
D005,SAFETY_TRAINING,current,,false
D006,CDL,current,,false
D006,MEDICAL_CERT,current,,false
D006,TWIC,critical,D7,true
D006,HAZMAT_ENDORSEMENT,current,,false
D006,TANKER_ENDORSEMENT,current,,false
D006,DOUBLES_TRIPLES_ENDORSEMENT,not_applicable,,false
D006,SAFETY_TRAINING,current,,false
D007,CDL,expires_today,D0,true
D007,MEDICAL_CERT,current,,false
D007,TWIC,current,,false
D007,HAZMAT_ENDORSEMENT,expires_today,D0,false
D007,TANKER_ENDORSEMENT,expires_today,D0,false
D007,DOUBLES_TRIPLES_ENDORSEMENT,not_applicable,,false
D007,SAFETY_TRAINING,current,,false
D008,CDL,current,,false
D008,MEDICAL_CERT,overdue,OVERDUE,true
D008,TWIC,current,,false
D008,HAZMAT_ENDORSEMENT,current,,false
D008,TANKER_ENDORSEMENT,current,,false
D008,DOUBLES_TRIPLES_ENDORSEMENT,not_applicable,,false
D008,SAFETY_TRAINING,current,,false
D009,CDL,inactive_skipped,,true
D009,MEDICAL_CERT,inactive_skipped,,false
D009,TWIC,inactive_skipped,,false
D009,HAZMAT_ENDORSEMENT,inactive_skipped,,false
D009,TANKER_ENDORSEMENT,inactive_skipped,,false
D009,DOUBLES_TRIPLES_ENDORSEMENT,inactive_skipped,,false
D009,SAFETY_TRAINING,inactive_skipped,,false
D010,CDL,current,,false
D010,MEDICAL_CERT,current,,false
D010,TWIC,not_applicable,,false
D010,HAZMAT_ENDORSEMENT,not_applicable,,true
D010,TANKER_ENDORSEMENT,not_applicable,,false
D010,DOUBLES_TRIPLES_ENDORSEMENT,not_applicable,,false
D010,SAFETY_TRAINING,current,,false
D011,CDL,current,,false
D011,MEDICAL_CERT,current,,false
D011,TWIC,missing,,true
D011,HAZMAT_ENDORSEMENT,not_applicable,,false
D011,TANKER_ENDORSEMENT,not_applicable,,false
D011,DOUBLES_TRIPLES_ENDORSEMENT,current,,false
D011,SAFETY_TRAINING,current,,false
D012,CDL,current,,false
D012,MEDICAL_CERT,invalid_date,,true
D012,TWIC,not_applicable,,false
D012,HAZMAT_ENDORSEMENT,not_applicable,,false
D012,TANKER_ENDORSEMENT,not_applicable,,false
D012,DOUBLES_TRIPLES_ENDORSEMENT,not_applicable,,false
D012,SAFETY_TRAINING,current,,false
