requirement_id,document_type,applicable_role,required,reminder_stages,escalation_policy
R001,CDL,fuel_tanker_driver,true,"90,60,30,14,7,0",escalate_on_expiry_and_overdue
R002,MEDICAL_CERT,fuel_tanker_driver,true,"90,60,30,14,7,0",escalate_on_expiry_and_overdue
R003,TWIC,fuel_tanker_driver,true,"90,60,30,14,7,0",escalate_on_expiry_and_overdue
R004,HAZMAT_ENDORSEMENT,fuel_tanker_driver,true,"90,60,30,14,7,0",escalate_on_expiry_and_overdue
R005,TANKER_ENDORSEMENT,fuel_tanker_driver,true,"90,60,30,14,7,0",escalate_on_expiry_and_overdue
R006,DOUBLES_TRIPLES_ENDORSEMENT,fuel_tanker_driver,false,"90,60,30,14,7,0",escalate_on_expiry_and_overdue
R007,SAFETY_TRAINING,fuel_tanker_driver,true,"90,60,30,14,7,0",escalate_on_expiry_and_overdue
R008,CDL,linehaul_driver,true,"90,60,30,14,7,0",escalate_on_expiry_and_overdue
R009,MEDICAL_CERT,linehaul_driver,true,"90,60,30,14,7,0",escalate_on_expiry_and_overdue
R010,TWIC,linehaul_driver,true,"90,60,30,14,7,0",escalate_on_expiry_and_overdue
R011,HAZMAT_ENDORSEMENT,linehaul_driver,false,"90,60,30,14,7,0",escalate_on_expiry_and_overdue
R012,TANKER_ENDORSEMENT,linehaul_driver,false,"90,60,30,14,7,0",escalate_on_expiry_and_overdue
R013,DOUBLES_TRIPLES_ENDORSEMENT,linehaul_driver,true,"90,60,30,14,7,0",escalate_on_expiry_and_overdue
R014,SAFETY_TRAINING,linehaul_driver,true,"90,60,30,14,7,0",escalate_on_expiry_and_overdue
R015,CDL,local_driver,true,"90,60,30,14,7,0",escalate_on_expiry_and_overdue
R016,MEDICAL_CERT,local_driver,true,"90,60,30,14,7,0",escalate_on_expiry_and_overdue
R017,TWIC,local_driver,false,"90,60,30,14,7,0",escalate_on_expiry_and_overdue
R018,HAZMAT_ENDORSEMENT,local_driver,false,"90,60,30,14,7,0",escalate_on_expiry_and_overdue
R019,TANKER_ENDORSEMENT,local_driver,false,"90,60,30,14,7,0",escalate_on_expiry_and_overdue
R020,DOUBLES_TRIPLES_ENDORSEMENT,local_driver,false,"90,60,30,14,7,0",escalate_on_expiry_and_overdue
R021,SAFETY_TRAINING,local_driver,true,"90,60,30,14,7,0",escalate_on_expiry_and_overdue
